{"cameraMode":{"drawMode":0,"name":"Shaded","section":"Shading Mode"},"sceneLighting":true,"audioPlay":false,"sceneViewState":{"showFog":true,"showMaterialUpdate":false,"showSkybox":true,"showFlares":true,"showImageEffects":true,"showParticleSystems":true},"in2DMode":false,"pivot":{"x":46.78129577636719,"y":56.16994857788086,"z":-33.26116180419922},"rotation":{"x":-0.00003622619988163933,"y":-0.9995728135108948,"z":-0.013510332442820073,"w":-0.03219910338521004},"size":125.63700103759766,"orthographic":false}